OrderID;CustomerName;ShipperName;OrderDate;RequiredDate
10248;Vins et alcools Chevalier;Federal Shipping;1996-07-04 00:00:00.000;1996-08-01 00:00:00.000
10249;Toms Spezialitäten;Speedy Express;1996-07-05 00:00:00.000;1996-08-16 00:00:00.000
10250;Hanari Carnes;United Package;1996-07-08 00:00:00.000;1996-08-05 00:00:00.000
10251;Victuailles en stock;Speedy Express;1996-07-08 00:00:00.000;1996-08-05 00:00:00.000
10252;Supremes délices;United Package;1996-07-09 00:00:00.000;1996-08-06 00:00:00.000
10253;Hanari Carnes;United Package;1996-07-10 00:00:00.000;1996-07-24 00:00:00.000
10254;Chop-suey Chinese;United Package;1996-07-11 00:00:00.000;1996-08-08 00:00:00.000
10255;Richter Supermarkt;Federal Shipping;1996-07-12 00:00:00.000;1996-08-09 00:00:00.000
10256;Wellington Importadora;United Package;1996-07-15 00:00:00.000;1996-08-12 00:00:00.000
10257;HILARION-Abastos;Federal Shipping;1996-07-16 00:00:00.000;1996-08-13 00:00:00.000
10258;Ernst Handel;Speedy Express;1996-07-17 00:00:00.000;1996-08-14 00:00:00.000
10259;Centro comercial Moctezuma;Federal Shipping;1996-07-18 00:00:00.000;1996-08-15 00:00:00.000
10260;Ottilies Käseladen;Speedy Express;1996-07-19 00:00:00.000;1996-08-16 00:00:00.000
10261;Que Delícia;United Package;1996-07-19 00:00:00.000;1996-08-16 00:00:00.000
10262;Rattlesnake Canyon Grocery;Federal Shipping;1996-07-22 00:00:00.000;1996-08-19 00:00:00.000
10263;Ernst Handel;Federal Shipping;1996-07-23 00:00:00.000;1996-08-20 00:00:00.000
10264;Folk och fä HB;Federal Shipping;1996-07-24 00:00:00.000;1996-08-21 00:00:00.000
10265;Blondesddsl pere et fils;Speedy Express;1996-07-25 00:00:00.000;1996-08-22 00:00:00.000
10266;Wartian Herkku;Federal Shipping;1996-07-26 00:00:00.000;1996-09-06 00:00:00.000
10267;Frankenversand;Speedy Express;1996-07-29 00:00:00.000;1996-08-26 00:00:00.000
10268;GROSELLA-Restaurante;Federal Shipping;1996-07-30 00:00:00.000;1996-08-27 00:00:00.000
10269;White Clover Markets;Speedy Express;1996-07-31 00:00:00.000;1996-08-14 00:00:00.000
10270;Wartian Herkku;Speedy Express;1996-08-01 00:00:00.000;1996-08-29 00:00:00.000
10271;Split Rail Beer & Ale;United Package;1996-08-01 00:00:00.000;1996-08-29 00:00:00.000
10272;Rattlesnake Canyon Grocery;United Package;1996-08-02 00:00:00.000;1996-08-30 00:00:00.000
10273;QUICK-Stop;Federal Shipping;1996-08-05 00:00:00.000;1996-09-02 00:00:00.000
10274;Vins et alcools Chevalier;Speedy Express;1996-08-06 00:00:00.000;1996-09-03 00:00:00.000
10275;Magazzini Alimentari Riuniti;Speedy Express;1996-08-07 00:00:00.000;1996-09-04 00:00:00.000
10276;Tortuga Restaurante;Federal Shipping;1996-08-08 00:00:00.000;1996-08-22 00:00:00.000
10277;Morgenstern Gesundkost;Federal Shipping;1996-08-09 00:00:00.000;1996-09-06 00:00:00.000
10278;Berglunds snabbköp;United Package;1996-08-12 00:00:00.000;1996-09-09 00:00:00.000
10279;Lehmanns Marktstand;United Package;1996-08-13 00:00:00.000;1996-09-10 00:00:00.000
10280;Berglunds snabbköp;Speedy Express;1996-08-14 00:00:00.000;1996-09-11 00:00:00.000
10281;Romero y tomillo;Speedy Express;1996-08-14 00:00:00.000;1996-08-28 00:00:00.000
10282;Romero y tomillo;Speedy Express;1996-08-15 00:00:00.000;1996-09-12 00:00:00.000
10283;LILA-Supermercado;Federal Shipping;1996-08-16 00:00:00.000;1996-09-13 00:00:00.000
10284;Lehmanns Marktstand;Speedy Express;1996-08-19 00:00:00.000;1996-09-16 00:00:00.000
10285;QUICK-Stop;United Package;1996-08-20 00:00:00.000;1996-09-17 00:00:00.000
10286;QUICK-Stop;Federal Shipping;1996-08-21 00:00:00.000;1996-09-18 00:00:00.000
10287;Ricardo Adocicados;Federal Shipping;1996-08-22 00:00:00.000;1996-09-19 00:00:00.000
10288;Reggiani Caseifici;Speedy Express;1996-08-23 00:00:00.000;1996-09-20 00:00:00.000
10289;B's Beverages;Federal Shipping;1996-08-26 00:00:00.000;1996-09-23 00:00:00.000
10290;Comércio Mineiro;Speedy Express;1996-08-27 00:00:00.000;1996-09-24 00:00:00.000
10291;Que Delícia;United Package;1996-08-27 00:00:00.000;1996-09-24 00:00:00.000
10292;Tradiçao Hipermercados;United Package;1996-08-28 00:00:00.000;1996-09-25 00:00:00.000
10293;Tortuga Restaurante;Federal Shipping;1996-08-29 00:00:00.000;1996-09-26 00:00:00.000
10294;Rattlesnake Canyon Grocery;United Package;1996-08-30 00:00:00.000;1996-09-27 00:00:00.000
10295;Vins et alcools Chevalier;United Package;1996-09-02 00:00:00.000;1996-09-30 00:00:00.000
10296;LILA-Supermercado;Speedy Express;1996-09-03 00:00:00.000;1996-10-01 00:00:00.000
10297;Blondesddsl pere et fils;United Package;1996-09-04 00:00:00.000;1996-10-16 00:00:00.000
10298;Hungry Owl All-Night Grocers;United Package;1996-09-05 00:00:00.000;1996-10-03 00:00:00.000
10299;Ricardo Adocicados;United Package;1996-09-06 00:00:00.000;1996-10-04 00:00:00.000
10300;Magazzini Alimentari Riuniti;United Package;1996-09-09 00:00:00.000;1996-10-07 00:00:00.000
10301;Die Wandernde Kuh;United Package;1996-09-09 00:00:00.000;1996-10-07 00:00:00.000
10302;Supremes délices;United Package;1996-09-10 00:00:00.000;1996-10-08 00:00:00.000
10303;Godos Cocina Típica;United Package;1996-09-11 00:00:00.000;1996-10-09 00:00:00.000
10304;Tortuga Restaurante;United Package;1996-09-12 00:00:00.000;1996-10-10 00:00:00.000
10305;Old World Delicatessen;Federal Shipping;1996-09-13 00:00:00.000;1996-10-11 00:00:00.000
10306;Romero y tomillo;Federal Shipping;1996-09-16 00:00:00.000;1996-10-14 00:00:00.000
10307;Lonesome Pine Restaurant;United Package;1996-09-17 00:00:00.000;1996-10-15 00:00:00.000
10308;Ana Trujillo Emparedados y helados;Federal Shipping;1996-09-18 00:00:00.000;1996-10-16 00:00:00.000
10309;Hungry Owl All-Night Grocers;Speedy Express;1996-09-19 00:00:00.000;1996-10-17 00:00:00.000
10310;The Big Cheese;United Package;1996-09-20 00:00:00.000;1996-10-18 00:00:00.000
10311;Du monde entier;Federal Shipping;1996-09-20 00:00:00.000;1996-10-04 00:00:00.000
10312;Die Wandernde Kuh;United Package;1996-09-23 00:00:00.000;1996-10-21 00:00:00.000
10313;QUICK-Stop;United Package;1996-09-24 00:00:00.000;1996-10-22 00:00:00.000
10314;Rattlesnake Canyon Grocery;United Package;1996-09-25 00:00:00.000;1996-10-23 00:00:00.000
10315;Island Trading;United Package;1996-09-26 00:00:00.000;1996-10-24 00:00:00.000
10316;Rattlesnake Canyon Grocery;Federal Shipping;1996-09-27 00:00:00.000;1996-10-25 00:00:00.000
10317;Lonesome Pine Restaurant;Speedy Express;1996-09-30 00:00:00.000;1996-10-28 00:00:00.000
10318;Island Trading;United Package;1996-10-01 00:00:00.000;1996-10-29 00:00:00.000
10319;Tortuga Restaurante;Federal Shipping;1996-10-02 00:00:00.000;1996-10-30 00:00:00.000
10320;Wartian Herkku;Federal Shipping;1996-10-03 00:00:00.000;1996-10-17 00:00:00.000
10321;Island Trading;United Package;1996-10-03 00:00:00.000;1996-10-31 00:00:00.000
10322;Pericles Comidas clásicas;Federal Shipping;1996-10-04 00:00:00.000;1996-11-01 00:00:00.000
10323;Königlich Essen;Speedy Express;1996-10-07 00:00:00.000;1996-11-04 00:00:00.000
10324;Save-a-lot Markets;Speedy Express;1996-10-08 00:00:00.000;1996-11-05 00:00:00.000
10325;Königlich Essen;Federal Shipping;1996-10-09 00:00:00.000;1996-10-23 00:00:00.000
10326;Bólido Comidas preparadas;United Package;1996-10-10 00:00:00.000;1996-11-07 00:00:00.000
10327;Folk och fä HB;Speedy Express;1996-10-11 00:00:00.000;1996-11-08 00:00:00.000
10328;Furia Bacalhau e Frutos do Mar;Federal Shipping;1996-10-14 00:00:00.000;1996-11-11 00:00:00.000
10329;Split Rail Beer & Ale;United Package;1996-10-15 00:00:00.000;1996-11-26 00:00:00.000
10330;LILA-Supermercado;Speedy Express;1996-10-16 00:00:00.000;1996-11-13 00:00:00.000
10331;Bon app';Speedy Express;1996-10-16 00:00:00.000;1996-11-27 00:00:00.000
10332;Mere Paillarde;United Package;1996-10-17 00:00:00.000;1996-11-28 00:00:00.000
10333;Wartian Herkku;Federal Shipping;1996-10-18 00:00:00.000;1996-11-15 00:00:00.000
10334;Victuailles en stock;United Package;1996-10-21 00:00:00.000;1996-11-18 00:00:00.000
10335;Hungry Owl All-Night Grocers;United Package;1996-10-22 00:00:00.000;1996-11-19 00:00:00.000
10336;Princesa Isabel Vinhos;United Package;1996-10-23 00:00:00.000;1996-11-20 00:00:00.000
10337;Frankenversand;Federal Shipping;1996-10-24 00:00:00.000;1996-11-21 00:00:00.000
10338;Old World Delicatessen;Federal Shipping;1996-10-25 00:00:00.000;1996-11-22 00:00:00.000
10339;Mere Paillarde;United Package;1996-10-28 00:00:00.000;1996-11-25 00:00:00.000
10340;Bon app';Federal Shipping;1996-10-29 00:00:00.000;1996-11-26 00:00:00.000
10341;Simons bistro;Federal Shipping;1996-10-29 00:00:00.000;1996-11-26 00:00:00.000
10342;Frankenversand;United Package;1996-10-30 00:00:00.000;1996-11-13 00:00:00.000
10343;Lehmanns Marktstand;Speedy Express;1996-10-31 00:00:00.000;1996-11-28 00:00:00.000
10344;White Clover Markets;United Package;1996-11-01 00:00:00.000;1996-11-29 00:00:00.000
10345;QUICK-Stop;United Package;1996-11-04 00:00:00.000;1996-12-02 00:00:00.000
10346;Rattlesnake Canyon Grocery;Federal Shipping;1996-11-05 00:00:00.000;1996-12-17 00:00:00.000
10347;Familia Arquibaldo;Federal Shipping;1996-11-06 00:00:00.000;1996-12-04 00:00:00.000
10348;Die Wandernde Kuh;United Package;1996-11-07 00:00:00.000;1996-12-05 00:00:00.000
10349;Split Rail Beer & Ale;Speedy Express;1996-11-08 00:00:00.000;1996-12-06 00:00:00.000
10350;La maison d'Asie;United Package;1996-11-11 00:00:00.000;1996-12-09 00:00:00.000
10351;Ernst Handel;Speedy Express;1996-11-11 00:00:00.000;1996-12-09 00:00:00.000
10352;Furia Bacalhau e Frutos do Mar;Federal Shipping;1996-11-12 00:00:00.000;1996-11-26 00:00:00.000
10353;Piccolo und mehr;Federal Shipping;1996-11-13 00:00:00.000;1996-12-11 00:00:00.000
10354;Pericles Comidas clásicas;Federal Shipping;1996-11-14 00:00:00.000;1996-12-12 00:00:00.000
10355;Around the Horn;Speedy Express;1996-11-15 00:00:00.000;1996-12-13 00:00:00.000
10356;Die Wandernde Kuh;United Package;1996-11-18 00:00:00.000;1996-12-16 00:00:00.000
10357;LILA-Supermercado;Federal Shipping;1996-11-19 00:00:00.000;1996-12-17 00:00:00.000
10358;La maison d'Asie;Speedy Express;1996-11-20 00:00:00.000;1996-12-18 00:00:00.000
10359;Seven Seas Imports;Federal Shipping;1996-11-21 00:00:00.000;1996-12-19 00:00:00.000
10360;Blondesddsl pere et fils;Federal Shipping;1996-11-22 00:00:00.000;1996-12-20 00:00:00.000
10361;QUICK-Stop;United Package;1996-11-22 00:00:00.000;1996-12-20 00:00:00.000
10362;Bon app';Speedy Express;1996-11-25 00:00:00.000;1996-12-23 00:00:00.000
10363;Drachenblut Delikatessen;Federal Shipping;1996-11-26 00:00:00.000;1996-12-24 00:00:00.000
10364;Eastern Connection;Speedy Express;1996-11-26 00:00:00.000;1997-01-07 00:00:00.000
10365;Antonio Moreno Taquería;United Package;1996-11-27 00:00:00.000;1996-12-25 00:00:00.000
10366;Galería del gastrónomo;United Package;1996-11-28 00:00:00.000;1997-01-09 00:00:00.000
10367;Vaffeljernet;Federal Shipping;1996-11-28 00:00:00.000;1996-12-26 00:00:00.000
10368;Ernst Handel;United Package;1996-11-29 00:00:00.000;1996-12-27 00:00:00.000
10369;Split Rail Beer & Ale;United Package;1996-12-02 00:00:00.000;1996-12-30 00:00:00.000
10370;Chop-suey Chinese;United Package;1996-12-03 00:00:00.000;1996-12-31 00:00:00.000
10371;La maison d'Asie;Speedy Express;1996-12-03 00:00:00.000;1996-12-31 00:00:00.000
10372;Queen Cozinha;United Package;1996-12-04 00:00:00.000;1997-01-01 00:00:00.000
10373;Hungry Owl All-Night Grocers;Federal Shipping;1996-12-05 00:00:00.000;1997-01-02 00:00:00.000
10374;Wolski  Zajazd;Federal Shipping;1996-12-05 00:00:00.000;1997-01-02 00:00:00.000
10375;Hungry Coyote Import Store;United Package;1996-12-06 00:00:00.000;1997-01-03 00:00:00.000
10376;Mere Paillarde;United Package;1996-12-09 00:00:00.000;1997-01-06 00:00:00.000
10377;Seven Seas Imports;Federal Shipping;1996-12-09 00:00:00.000;1997-01-06 00:00:00.000
10378;Folk och fä HB;Federal Shipping;1996-12-10 00:00:00.000;1997-01-07 00:00:00.000
10379;Que Delícia;Speedy Express;1996-12-11 00:00:00.000;1997-01-08 00:00:00.000
10380;Hungry Owl All-Night Grocers;Federal Shipping;1996-12-12 00:00:00.000;1997-01-09 00:00:00.000
10381;LILA-Supermercado;Federal Shipping;1996-12-12 00:00:00.000;1997-01-09 00:00:00.000
10382;Ernst Handel;Speedy Express;1996-12-13 00:00:00.000;1997-01-10 00:00:00.000
10383;Around the Horn;Federal Shipping;1996-12-16 00:00:00.000;1997-01-13 00:00:00.000
10384;Berglunds snabbköp;Federal Shipping;1996-12-16 00:00:00.000;1997-01-13 00:00:00.000
10385;Split Rail Beer & Ale;United Package;1996-12-17 00:00:00.000;1997-01-14 00:00:00.000
10386;Familia Arquibaldo;Federal Shipping;1996-12-18 00:00:00.000;1997-01-01 00:00:00.000
10387;Santé Gourmet;United Package;1996-12-18 00:00:00.000;1997-01-15 00:00:00.000
10388;Seven Seas Imports;Speedy Express;1996-12-19 00:00:00.000;1997-01-16 00:00:00.000
10389;Bottom-Dollar Markets;United Package;1996-12-20 00:00:00.000;1997-01-17 00:00:00.000
10390;Ernst Handel;Speedy Express;1996-12-23 00:00:00.000;1997-01-20 00:00:00.000
10391;Drachenblut Delikatessen;Federal Shipping;1996-12-23 00:00:00.000;1997-01-20 00:00:00.000
10392;Piccolo und mehr;Federal Shipping;1996-12-24 00:00:00.000;1997-01-21 00:00:00.000
10393;Save-a-lot Markets;Federal Shipping;1996-12-25 00:00:00.000;1997-01-22 00:00:00.000
10394;Hungry Coyote Import Store;Federal Shipping;1996-12-25 00:00:00.000;1997-01-22 00:00:00.000
10395;HILARION-Abastos;Speedy Express;1996-12-26 00:00:00.000;1997-01-23 00:00:00.000
10396;Frankenversand;Federal Shipping;1996-12-27 00:00:00.000;1997-01-10 00:00:00.000
10397;Princesa Isabel Vinhos;Speedy Express;1996-12-27 00:00:00.000;1997-01-24 00:00:00.000
10398;Save-a-lot Markets;Federal Shipping;1996-12-30 00:00:00.000;1997-01-27 00:00:00.000
10399;Vaffeljernet;Federal Shipping;1996-12-31 00:00:00.000;1997-01-14 00:00:00.000
10400;Eastern Connection;Federal Shipping;1997-01-01 00:00:00.000;1997-01-29 00:00:00.000
10401;Rattlesnake Canyon Grocery;Speedy Express;1997-01-01 00:00:00.000;1997-01-29 00:00:00.000
10402;Ernst Handel;United Package;1997-01-02 00:00:00.000;1997-02-13 00:00:00.000
10403;Ernst Handel;Federal Shipping;1997-01-03 00:00:00.000;1997-01-31 00:00:00.000
10404;Magazzini Alimentari Riuniti;Speedy Express;1997-01-03 00:00:00.000;1997-01-31 00:00:00.000
10405;LINO-Delicateses;Speedy Express;1997-01-06 00:00:00.000;1997-02-03 00:00:00.000
10406;Queen Cozinha;Speedy Express;1997-01-07 00:00:00.000;1997-02-18 00:00:00.000
10407;Ottilies Käseladen;United Package;1997-01-07 00:00:00.000;1997-02-04 00:00:00.000
10408;Folies gourmandes;Speedy Express;1997-01-08 00:00:00.000;1997-02-05 00:00:00.000
10409;Océano Atlántico Ltda.;Speedy Express;1997-01-09 00:00:00.000;1997-02-06 00:00:00.000
10410;Bottom-Dollar Markets;Federal Shipping;1997-01-10 00:00:00.000;1997-02-07 00:00:00.000
10411;Bottom-Dollar Markets;Federal Shipping;1997-01-10 00:00:00.000;1997-02-07 00:00:00.000
10412;Wartian Herkku;United Package;1997-01-13 00:00:00.000;1997-02-10 00:00:00.000
10413;La maison d'Asie;United Package;1997-01-14 00:00:00.000;1997-02-11 00:00:00.000
10414;Familia Arquibaldo;Federal Shipping;1997-01-14 00:00:00.000;1997-02-11 00:00:00.000
10415;Hungry Coyote Import Store;Speedy Express;1997-01-15 00:00:00.000;1997-02-12 00:00:00.000
10416;Wartian Herkku;Federal Shipping;1997-01-16 00:00:00.000;1997-02-13 00:00:00.000
10417;Simons bistro;Federal Shipping;1997-01-16 00:00:00.000;1997-02-13 00:00:00.000
10418;QUICK-Stop;Speedy Express;1997-01-17 00:00:00.000;1997-02-14 00:00:00.000
10419;Richter Supermarkt;United Package;1997-01-20 00:00:00.000;1997-02-17 00:00:00.000
10420;Wellington Importadora;Speedy Express;1997-01-21 00:00:00.000;1997-02-18 00:00:00.000
10421;Que Delícia;Speedy Express;1997-01-21 00:00:00.000;1997-03-04 00:00:00.000
10422;Franchi S.p.A.;Speedy Express;1997-01-22 00:00:00.000;1997-02-19 00:00:00.000
10423;Gourmet Lanchonetes;Federal Shipping;1997-01-23 00:00:00.000;1997-02-06 00:00:00.000
10424;Mere Paillarde;United Package;1997-01-23 00:00:00.000;1997-02-20 00:00:00.000
10425;La maison d'Asie;United Package;1997-01-24 00:00:00.000;1997-02-21 00:00:00.000
10426;Galería del gastrónomo;Speedy Express;1997-01-27 00:00:00.000;1997-02-24 00:00:00.000
10427;Piccolo und mehr;United Package;1997-01-27 00:00:00.000;1997-02-24 00:00:00.000
10428;Reggiani Caseifici;Speedy Express;1997-01-28 00:00:00.000;1997-02-25 00:00:00.000
10429;Hungry Owl All-Night Grocers;United Package;1997-01-29 00:00:00.000;1997-03-12 00:00:00.000
10430;Ernst Handel;Speedy Express;1997-01-30 00:00:00.000;1997-02-13 00:00:00.000
10431;Bottom-Dollar Markets;United Package;1997-01-30 00:00:00.000;1997-02-13 00:00:00.000
10432;Split Rail Beer & Ale;United Package;1997-01-31 00:00:00.000;1997-02-14 00:00:00.000
10433;Princesa Isabel Vinhos;Federal Shipping;1997-02-03 00:00:00.000;1997-03-03 00:00:00.000
10434;Folk och fä HB;United Package;1997-02-03 00:00:00.000;1997-03-03 00:00:00.000
10435;Consolidated Holdings;United Package;1997-02-04 00:00:00.000;1997-03-18 00:00:00.000
10436;Blondesddsl pere et fils;United Package;1997-02-05 00:00:00.000;1997-03-05 00:00:00.000
10437;Wartian Herkku;Speedy Express;1997-02-05 00:00:00.000;1997-03-05 00:00:00.000
10438;Toms Spezialitäten;United Package;1997-02-06 00:00:00.000;1997-03-06 00:00:00.000
10439;Mere Paillarde;Federal Shipping;1997-02-07 00:00:00.000;1997-03-07 00:00:00.000
10440;Save-a-lot Markets;United Package;1997-02-10 00:00:00.000;1997-03-10 00:00:00.000
10441;Old World Delicatessen;United Package;1997-02-10 00:00:00.000;1997-03-24 00:00:00.000
10442;Ernst Handel;United Package;1997-02-11 00:00:00.000;1997-03-11 00:00:00.000
10443;Reggiani Caseifici;Speedy Express;1997-02-12 00:00:00.000;1997-03-12 00:00:00.000
10444;Berglunds snabbköp;Federal Shipping;1997-02-12 00:00:00.000;1997-03-12 00:00:00.000
10445;Berglunds snabbköp;Speedy Express;1997-02-13 00:00:00.000;1997-03-13 00:00:00.000
10446;Toms Spezialitäten;Speedy Express;1997-02-14 00:00:00.000;1997-03-14 00:00:00.000
10447;Ricardo Adocicados;United Package;1997-02-14 00:00:00.000;1997-03-14 00:00:00.000
10448;Rancho grande;United Package;1997-02-17 00:00:00.000;1997-03-17 00:00:00.000
10449;Blondesddsl pere et fils;United Package;1997-02-18 00:00:00.000;1997-03-18 00:00:00.000
10450;Victuailles en stock;United Package;1997-02-19 00:00:00.000;1997-03-19 00:00:00.000
10451;QUICK-Stop;Federal Shipping;1997-02-19 00:00:00.000;1997-03-05 00:00:00.000
10452;Save-a-lot Markets;Speedy Express;1997-02-20 00:00:00.000;1997-03-20 00:00:00.000
10453;Around the Horn;United Package;1997-02-21 00:00:00.000;1997-03-21 00:00:00.000
10454;La maison d'Asie;Federal Shipping;1997-02-21 00:00:00.000;1997-03-21 00:00:00.000
10455;Wartian Herkku;United Package;1997-02-24 00:00:00.000;1997-04-07 00:00:00.000
10456;Königlich Essen;United Package;1997-02-25 00:00:00.000;1997-04-08 00:00:00.000
10457;Königlich Essen;Speedy Express;1997-02-25 00:00:00.000;1997-03-25 00:00:00.000
10458;Supremes délices;Federal Shipping;1997-02-26 00:00:00.000;1997-03-26 00:00:00.000
10459;Victuailles en stock;United Package;1997-02-27 00:00:00.000;1997-03-27 00:00:00.000
10460;Folk och fä HB;Speedy Express;1997-02-28 00:00:00.000;1997-03-28 00:00:00.000
10461;LILA-Supermercado;Federal Shipping;1997-02-28 00:00:00.000;1997-03-28 00:00:00.000
10462;Consolidated Holdings;Speedy Express;1997-03-03 00:00:00.000;1997-03-31 00:00:00.000
10463;Supremes délices;Federal Shipping;1997-03-04 00:00:00.000;1997-04-01 00:00:00.000
10464;Furia Bacalhau e Frutos do Mar;United Package;1997-03-04 00:00:00.000;1997-04-01 00:00:00.000
10465;Vaffeljernet;Federal Shipping;1997-03-05 00:00:00.000;1997-04-02 00:00:00.000
10466;Comércio Mineiro;Speedy Express;1997-03-06 00:00:00.000;1997-04-03 00:00:00.000
10467;Magazzini Alimentari Riuniti;United Package;1997-03-06 00:00:00.000;1997-04-03 00:00:00.000
10468;Königlich Essen;Federal Shipping;1997-03-07 00:00:00.000;1997-04-04 00:00:00.000
10469;White Clover Markets;Speedy Express;1997-03-10 00:00:00.000;1997-04-07 00:00:00.000
10470;Bon app';United Package;1997-03-11 00:00:00.000;1997-04-08 00:00:00.000
10471;B's Beverages;Federal Shipping;1997-03-11 00:00:00.000;1997-04-08 00:00:00.000
10472;Seven Seas Imports;Speedy Express;1997-03-12 00:00:00.000;1997-04-09 00:00:00.000
10473;Island Trading;Federal Shipping;1997-03-13 00:00:00.000;1997-03-27 00:00:00.000
10474;Pericles Comidas clásicas;United Package;1997-03-13 00:00:00.000;1997-04-10 00:00:00.000
10475;Supremes délices;Speedy Express;1997-03-14 00:00:00.000;1997-04-11 00:00:00.000
10476;HILARION-Abastos;Federal Shipping;1997-03-17 00:00:00.000;1997-04-14 00:00:00.000
10477;Princesa Isabel Vinhos;United Package;1997-03-17 00:00:00.000;1997-04-14 00:00:00.000
10478;Victuailles en stock;Federal Shipping;1997-03-18 00:00:00.000;1997-04-01 00:00:00.000
10479;Rattlesnake Canyon Grocery;Federal Shipping;1997-03-19 00:00:00.000;1997-04-16 00:00:00.000
10480;Folies gourmandes;United Package;1997-03-20 00:00:00.000;1997-04-17 00:00:00.000
10481;Ricardo Adocicados;United Package;1997-03-20 00:00:00.000;1997-04-17 00:00:00.000
10482;Lazy K Kountry Store;Federal Shipping;1997-03-21 00:00:00.000;1997-04-18 00:00:00.000
10483;White Clover Markets;United Package;1997-03-24 00:00:00.000;1997-04-21 00:00:00.000
10484;B's Beverages;Federal Shipping;1997-03-24 00:00:00.000;1997-04-21 00:00:00.000
10485;LINO-Delicateses;United Package;1997-03-25 00:00:00.000;1997-04-08 00:00:00.000
10486;HILARION-Abastos;United Package;1997-03-26 00:00:00.000;1997-04-23 00:00:00.000
10487;Queen Cozinha;United Package;1997-03-26 00:00:00.000;1997-04-23 00:00:00.000
10488;Frankenversand;United Package;1997-03-27 00:00:00.000;1997-04-24 00:00:00.000
10489;Piccolo und mehr;United Package;1997-03-28 00:00:00.000;1997-04-25 00:00:00.000
10490;HILARION-Abastos;United Package;1997-03-31 00:00:00.000;1997-04-28 00:00:00.000
10491;Furia Bacalhau e Frutos do Mar;Federal Shipping;1997-03-31 00:00:00.000;1997-04-28 00:00:00.000
10492;Bottom-Dollar Markets;Speedy Express;1997-04-01 00:00:00.000;1997-04-29 00:00:00.000
10493;La maison d'Asie;Federal Shipping;1997-04-02 00:00:00.000;1997-04-30 00:00:00.000
10494;Comércio Mineiro;United Package;1997-04-02 00:00:00.000;1997-04-30 00:00:00.000
10495;Laughing Bacchus Wine Cellars;Federal Shipping;1997-04-03 00:00:00.000;1997-05-01 00:00:00.000
10496;Tradiçao Hipermercados;United Package;1997-04-04 00:00:00.000;1997-05-02 00:00:00.000
10497;Lehmanns Marktstand;Speedy Express;1997-04-04 00:00:00.000;1997-05-02 00:00:00.000
10498;HILARION-Abastos;United Package;1997-04-07 00:00:00.000;1997-05-05 00:00:00.000
10499;LILA-Supermercado;United Package;1997-04-08 00:00:00.000;1997-05-06 00:00:00.000
10500;La maison d'Asie;Speedy Express;1997-04-09 00:00:00.000;1997-05-07 00:00:00.000
10501;Blauer See Delikatessen;Federal Shipping;1997-04-09 00:00:00.000;1997-05-07 00:00:00.000
10502;Pericles Comidas clásicas;Speedy Express;1997-04-10 00:00:00.000;1997-05-08 00:00:00.000
10503;Hungry Owl All-Night Grocers;United Package;1997-04-11 00:00:00.000;1997-05-09 00:00:00.000
10504;White Clover Markets;Federal Shipping;1997-04-11 00:00:00.000;1997-05-09 00:00:00.000
10505;Mere Paillarde;Federal Shipping;1997-04-14 00:00:00.000;1997-05-12 00:00:00.000
10506;Königlich Essen;United Package;1997-04-15 00:00:00.000;1997-05-13 00:00:00.000
10507;Antonio Moreno Taquería;Speedy Express;1997-04-15 00:00:00.000;1997-05-13 00:00:00.000
10508;Ottilies Käseladen;United Package;1997-04-16 00:00:00.000;1997-05-14 00:00:00.000
10509;Blauer See Delikatessen;Speedy Express;1997-04-17 00:00:00.000;1997-05-15 00:00:00.000
10510;Save-a-lot Markets;Federal Shipping;1997-04-18 00:00:00.000;1997-05-16 00:00:00.000
10511;Bon app';Federal Shipping;1997-04-18 00:00:00.000;1997-05-16 00:00:00.000
10512;Familia Arquibaldo;United Package;1997-04-21 00:00:00.000;1997-05-19 00:00:00.000
10513;Die Wandernde Kuh;Speedy Express;1997-04-22 00:00:00.000;1997-06-03 00:00:00.000
10514;Ernst Handel;United Package;1997-04-22 00:00:00.000;1997-05-20 00:00:00.000
10515;QUICK-Stop;Speedy Express;1997-04-23 00:00:00.000;1997-05-07 00:00:00.000
10516;Hungry Owl All-Night Grocers;Federal Shipping;1997-04-24 00:00:00.000;1997-05-22 00:00:00.000
10517;North/South;Federal Shipping;1997-04-24 00:00:00.000;1997-05-22 00:00:00.000
10518;Tortuga Restaurante;United Package;1997-04-25 00:00:00.000;1997-05-09 00:00:00.000
10519;Chop-suey Chinese;Federal Shipping;1997-04-28 00:00:00.000;1997-05-26 00:00:00.000
10520;Santé Gourmet;Speedy Express;1997-04-29 00:00:00.000;1997-05-27 00:00:00.000
10521;Cactus Comidas para llevar;United Package;1997-04-29 00:00:00.000;1997-05-27 00:00:00.000
10522;Lehmanns Marktstand;Speedy Express;1997-04-30 00:00:00.000;1997-05-28 00:00:00.000
10523;Seven Seas Imports;United Package;1997-05-01 00:00:00.000;1997-05-29 00:00:00.000
10524;Berglunds snabbköp;United Package;1997-05-01 00:00:00.000;1997-05-29 00:00:00.000
10525;Bon app';United Package;1997-05-02 00:00:00.000;1997-05-30 00:00:00.000
10526;Wartian Herkku;United Package;1997-05-05 00:00:00.000;1997-06-02 00:00:00.000
10527;QUICK-Stop;Speedy Express;1997-05-05 00:00:00.000;1997-06-02 00:00:00.000
10528;Great Lakes Food Market;United Package;1997-05-06 00:00:00.000;1997-05-20 00:00:00.000
10529;Maison Dewey;United Package;1997-05-07 00:00:00.000;1997-06-04 00:00:00.000
10530;Piccolo und mehr;United Package;1997-05-08 00:00:00.000;1997-06-05 00:00:00.000
10531;Océano Atlántico Ltda.;Speedy Express;1997-05-08 00:00:00.000;1997-06-05 00:00:00.000
10532;Eastern Connection;Federal Shipping;1997-05-09 00:00:00.000;1997-06-06 00:00:00.000
10533;Folk och fä HB;Speedy Express;1997-05-12 00:00:00.000;1997-06-09 00:00:00.000
10534;Lehmanns Marktstand;United Package;1997-05-12 00:00:00.000;1997-06-09 00:00:00.000
10535;Antonio Moreno Taquería;Speedy Express;1997-05-13 00:00:00.000;1997-06-10 00:00:00.000
10536;Lehmanns Marktstand;United Package;1997-05-14 00:00:00.000;1997-06-11 00:00:00.000
10537;Richter Supermarkt;Speedy Express;1997-05-14 00:00:00.000;1997-05-28 00:00:00.000
10538;B's Beverages;Federal Shipping;1997-05-15 00:00:00.000;1997-06-12 00:00:00.000
10539;B's Beverages;Federal Shipping;1997-05-16 00:00:00.000;1997-06-13 00:00:00.000
10540;QUICK-Stop;Federal Shipping;1997-05-19 00:00:00.000;1997-06-16 00:00:00.000
10541;Hanari Carnes;Speedy Express;1997-05-19 00:00:00.000;1997-06-16 00:00:00.000
10542;Königlich Essen;Federal Shipping;1997-05-20 00:00:00.000;1997-06-17 00:00:00.000
10543;LILA-Supermercado;United Package;1997-05-21 00:00:00.000;1997-06-18 00:00:00.000
10544;Lonesome Pine Restaurant;Speedy Express;1997-05-21 00:00:00.000;1997-06-18 00:00:00.000
10545;Lazy K Kountry Store;United Package;1997-05-22 00:00:00.000;1997-06-19 00:00:00.000
10546;Victuailles en stock;Federal Shipping;1997-05-23 00:00:00.000;1997-06-20 00:00:00.000
10547;Seven Seas Imports;United Package;1997-05-23 00:00:00.000;1997-06-20 00:00:00.000
10548;Toms Spezialitäten;United Package;1997-05-26 00:00:00.000;1997-06-23 00:00:00.000
10549;QUICK-Stop;Speedy Express;1997-05-27 00:00:00.000;1997-06-10 00:00:00.000
10550;Godos Cocina Típica;Federal Shipping;1997-05-28 00:00:00.000;1997-06-25 00:00:00.000
10551;Furia Bacalhau e Frutos do Mar;Federal Shipping;1997-05-28 00:00:00.000;1997-07-09 00:00:00.000
10552;HILARION-Abastos;Speedy Express;1997-05-29 00:00:00.000;1997-06-26 00:00:00.000
10553;Wartian Herkku;United Package;1997-05-30 00:00:00.000;1997-06-27 00:00:00.000
10554;Ottilies Käseladen;Federal Shipping;1997-05-30 00:00:00.000;1997-06-27 00:00:00.000
10555;Save-a-lot Markets;Federal Shipping;1997-06-02 00:00:00.000;1997-06-30 00:00:00.000
10556;Simons bistro;Speedy Express;1997-06-03 00:00:00.000;1997-07-15 00:00:00.000
10557;Lehmanns Marktstand;United Package;1997-06-03 00:00:00.000;1997-06-17 00:00:00.000
10558;Around the Horn;United Package;1997-06-04 00:00:00.000;1997-07-02 00:00:00.000
10559;Blondesddsl pere et fils;Speedy Express;1997-06-05 00:00:00.000;1997-07-03 00:00:00.000
10560;Frankenversand;Speedy Express;1997-06-06 00:00:00.000;1997-07-04 00:00:00.000
10561;Folk och fä HB;United Package;1997-06-06 00:00:00.000;1997-07-04 00:00:00.000
10562;Reggiani Caseifici;Speedy Express;1997-06-09 00:00:00.000;1997-07-07 00:00:00.000
10563;Ricardo Adocicados;United Package;1997-06-10 00:00:00.000;1997-07-22 00:00:00.000
10564;Rattlesnake Canyon Grocery;Federal Shipping;1997-06-10 00:00:00.000;1997-07-08 00:00:00.000
10565;Mere Paillarde;United Package;1997-06-11 00:00:00.000;1997-07-09 00:00:00.000
10566;Blondesddsl pere et fils;Speedy Express;1997-06-12 00:00:00.000;1997-07-10 00:00:00.000
10567;Hungry Owl All-Night Grocers;Speedy Express;1997-06-12 00:00:00.000;1997-07-10 00:00:00.000
10568;Galería del gastrónomo;Federal Shipping;1997-06-13 00:00:00.000;1997-07-11 00:00:00.000
10569;Rattlesnake Canyon Grocery;Speedy Express;1997-06-16 00:00:00.000;1997-07-14 00:00:00.000
10570;Mere Paillarde;Federal Shipping;1997-06-17 00:00:00.000;1997-07-15 00:00:00.000
10571;Ernst Handel;Federal Shipping;1997-06-17 00:00:00.000;1997-07-29 00:00:00.000
10572;Berglunds snabbköp;United Package;1997-06-18 00:00:00.000;1997-07-16 00:00:00.000
10573;Antonio Moreno Taquería;Federal Shipping;1997-06-19 00:00:00.000;1997-07-17 00:00:00.000
10574;Trail's Head Gourmet Provisioners;United Package;1997-06-19 00:00:00.000;1997-07-17 00:00:00.000
10575;Morgenstern Gesundkost;Speedy Express;1997-06-20 00:00:00.000;1997-07-04 00:00:00.000
10576;Tortuga Restaurante;Federal Shipping;1997-06-23 00:00:00.000;1997-07-07 00:00:00.000
10577;Trail's Head Gourmet Provisioners;United Package;1997-06-23 00:00:00.000;1997-08-04 00:00:00.000
10578;B's Beverages;Federal Shipping;1997-06-24 00:00:00.000;1997-07-22 00:00:00.000
10579;Let's Stop N Shop;United Package;1997-06-25 00:00:00.000;1997-07-23 00:00:00.000
10580;Ottilies Käseladen;Federal Shipping;1997-06-26 00:00:00.000;1997-07-24 00:00:00.000
10581;Familia Arquibaldo;Speedy Express;1997-06-26 00:00:00.000;1997-07-24 00:00:00.000
10582;Blauer See Delikatessen;United Package;1997-06-27 00:00:00.000;1997-07-25 00:00:00.000
10583;Wartian Herkku;United Package;1997-06-30 00:00:00.000;1997-07-28 00:00:00.000
10584;Blondesddsl pere et fils;Speedy Express;1997-06-30 00:00:00.000;1997-07-28 00:00:00.000
10585;Wellington Importadora;Speedy Express;1997-07-01 00:00:00.000;1997-07-29 00:00:00.000
10586;Reggiani Caseifici;Speedy Express;1997-07-02 00:00:00.000;1997-07-30 00:00:00.000
10587;Que Delícia;Speedy Express;1997-07-02 00:00:00.000;1997-07-30 00:00:00.000
10588;QUICK-Stop;Federal Shipping;1997-07-03 00:00:00.000;1997-07-31 00:00:00.000
10589;Great Lakes Food Market;United Package;1997-07-04 00:00:00.000;1997-08-01 00:00:00.000
10590;Mere Paillarde;Federal Shipping;1997-07-07 00:00:00.000;1997-08-04 00:00:00.000
10591;Vaffeljernet;Speedy Express;1997-07-07 00:00:00.000;1997-07-21 00:00:00.000
10592;Lehmanns Marktstand;Speedy Express;1997-07-08 00:00:00.000;1997-08-05 00:00:00.000
10593;Lehmanns Marktstand;United Package;1997-07-09 00:00:00.000;1997-08-06 00:00:00.000
10594;Old World Delicatessen;United Package;1997-07-09 00:00:00.000;1997-08-06 00:00:00.000
10595;Ernst Handel;Speedy Express;1997-07-10 00:00:00.000;1997-08-07 00:00:00.000
10596;White Clover Markets;Speedy Express;1997-07-11 00:00:00.000;1997-08-08 00:00:00.000
10597;Piccolo und mehr;Federal Shipping;1997-07-11 00:00:00.000;1997-08-08 00:00:00.000
10598;Rattlesnake Canyon Grocery;Federal Shipping;1997-07-14 00:00:00.000;1997-08-11 00:00:00.000
10599;B's Beverages;Federal Shipping;1997-07-15 00:00:00.000;1997-08-26 00:00:00.000
10600;Hungry Coyote Import Store;Speedy Express;1997-07-16 00:00:00.000;1997-08-13 00:00:00.000
10601;HILARION-Abastos;Speedy Express;1997-07-16 00:00:00.000;1997-08-27 00:00:00.000
10602;Vaffeljernet;United Package;1997-07-17 00:00:00.000;1997-08-14 00:00:00.000
10603;Save-a-lot Markets;United Package;1997-07-18 00:00:00.000;1997-08-15 00:00:00.000
10604;Furia Bacalhau e Frutos do Mar;Speedy Express;1997-07-18 00:00:00.000;1997-08-15 00:00:00.000
10605;Mere Paillarde;United Package;1997-07-21 00:00:00.000;1997-08-18 00:00:00.000
10606;Tradiçao Hipermercados;Federal Shipping;1997-07-22 00:00:00.000;1997-08-19 00:00:00.000
10607;Save-a-lot Markets;Speedy Express;1997-07-22 00:00:00.000;1997-08-19 00:00:00.000
10608;Toms Spezialitäten;United Package;1997-07-23 00:00:00.000;1997-08-20 00:00:00.000
10609;Du monde entier;United Package;1997-07-24 00:00:00.000;1997-08-21 00:00:00.000
10610;La maison d'Asie;Speedy Express;1997-07-25 00:00:00.000;1997-08-22 00:00:00.000
10611;Wolski  Zajazd;United Package;1997-07-25 00:00:00.000;1997-08-22 00:00:00.000
10612;Save-a-lot Markets;United Package;1997-07-28 00:00:00.000;1997-08-25 00:00:00.000
10613;HILARION-Abastos;United Package;1997-07-29 00:00:00.000;1997-08-26 00:00:00.000
10614;Blauer See Delikatessen;Federal Shipping;1997-07-29 00:00:00.000;1997-08-26 00:00:00.000
10615;Wilman Kala;Federal Shipping;1997-07-30 00:00:00.000;1997-08-27 00:00:00.000
10616;Great Lakes Food Market;United Package;1997-07-31 00:00:00.000;1997-08-28 00:00:00.000
10617;Great Lakes Food Market;United Package;1997-07-31 00:00:00.000;1997-08-28 00:00:00.000
10618;Mere Paillarde;Speedy Express;1997-08-01 00:00:00.000;1997-09-12 00:00:00.000
10619;Mere Paillarde;Federal Shipping;1997-08-04 00:00:00.000;1997-09-01 00:00:00.000
10620;Laughing Bacchus Wine Cellars;Federal Shipping;1997-08-05 00:00:00.000;1997-09-02 00:00:00.000
10621;Island Trading;United Package;1997-08-05 00:00:00.000;1997-09-02 00:00:00.000
10622;Ricardo Adocicados;Federal Shipping;1997-08-06 00:00:00.000;1997-09-03 00:00:00.000
10623;Frankenversand;United Package;1997-08-07 00:00:00.000;1997-09-04 00:00:00.000
10624;The Cracker Box;United Package;1997-08-07 00:00:00.000;1997-09-04 00:00:00.000
10625;Ana Trujillo Emparedados y helados;Speedy Express;1997-08-08 00:00:00.000;1997-09-05 00:00:00.000
10626;Berglunds snabbköp;United Package;1997-08-11 00:00:00.000;1997-09-08 00:00:00.000
10627;Save-a-lot Markets;Federal Shipping;1997-08-11 00:00:00.000;1997-09-22 00:00:00.000
10628;Blondesddsl pere et fils;Federal Shipping;1997-08-12 00:00:00.000;1997-09-09 00:00:00.000
10629;Godos Cocina Típica;Federal Shipping;1997-08-12 00:00:00.000;1997-09-09 00:00:00.000
10630;Königlich Essen;United Package;1997-08-13 00:00:00.000;1997-09-10 00:00:00.000
10631;La maison d'Asie;Speedy Express;1997-08-14 00:00:00.000;1997-09-11 00:00:00.000
10632;Die Wandernde Kuh;Speedy Express;1997-08-14 00:00:00.000;1997-09-11 00:00:00.000
10633;Ernst Handel;Federal Shipping;1997-08-15 00:00:00.000;1997-09-12 00:00:00.000
10634;Folies gourmandes;Federal Shipping;1997-08-15 00:00:00.000;1997-09-12 00:00:00.000
10635;Magazzini Alimentari Riuniti;Federal Shipping;1997-08-18 00:00:00.000;1997-09-15 00:00:00.000
10636;Wartian Herkku;Speedy Express;1997-08-19 00:00:00.000;1997-09-16 00:00:00.000
10637;Queen Cozinha;Speedy Express;1997-08-19 00:00:00.000;1997-09-16 00:00:00.000
10638;LINO-Delicateses;Speedy Express;1997-08-20 00:00:00.000;1997-09-17 00:00:00.000
10639;Santé Gourmet;Federal Shipping;1997-08-20 00:00:00.000;1997-09-17 00:00:00.000
10640;Die Wandernde Kuh;Speedy Express;1997-08-21 00:00:00.000;1997-09-18 00:00:00.000
10641;HILARION-Abastos;United Package;1997-08-22 00:00:00.000;1997-09-19 00:00:00.000
10642;Simons bistro;Federal Shipping;1997-08-22 00:00:00.000;1997-09-19 00:00:00.000
10643;Alfreds Futterkiste;Speedy Express;1997-08-25 00:00:00.000;1997-09-22 00:00:00.000
10644;Wellington Importadora;United Package;1997-08-25 00:00:00.000;1997-09-22 00:00:00.000
10645;Hanari Carnes;Speedy Express;1997-08-26 00:00:00.000;1997-09-23 00:00:00.000
10646;Hungry Owl All-Night Grocers;Federal Shipping;1997-08-27 00:00:00.000;1997-10-08 00:00:00.000
10647;Que Delícia;United Package;1997-08-27 00:00:00.000;1997-09-10 00:00:00.000
10648;Ricardo Adocicados;United Package;1997-08-28 00:00:00.000;1997-10-09 00:00:00.000
10649;Maison Dewey;Federal Shipping;1997-08-28 00:00:00.000;1997-09-25 00:00:00.000
10650;Familia Arquibaldo;Federal Shipping;1997-08-29 00:00:00.000;1997-09-26 00:00:00.000
10651;Die Wandernde Kuh;United Package;1997-09-01 00:00:00.000;1997-09-29 00:00:00.000
10652;Gourmet Lanchonetes;United Package;1997-09-01 00:00:00.000;1997-09-29 00:00:00.000
10653;Frankenversand;Speedy Express;1997-09-02 00:00:00.000;1997-09-30 00:00:00.000
10654;Berglunds snabbköp;Speedy Express;1997-09-02 00:00:00.000;1997-09-30 00:00:00.000
10655;Reggiani Caseifici;United Package;1997-09-03 00:00:00.000;1997-10-01 00:00:00.000
10656;Great Lakes Food Market;Speedy Express;1997-09-04 00:00:00.000;1997-10-02 00:00:00.000
10657;Save-a-lot Markets;United Package;1997-09-04 00:00:00.000;1997-10-02 00:00:00.000
10658;QUICK-Stop;Speedy Express;1997-09-05 00:00:00.000;1997-10-03 00:00:00.000
10659;Queen Cozinha;United Package;1997-09-05 00:00:00.000;1997-10-03 00:00:00.000
10660;Hungry Coyote Import Store;Speedy Express;1997-09-08 00:00:00.000;1997-10-06 00:00:00.000
10661;Hungry Owl All-Night Grocers;Federal Shipping;1997-09-09 00:00:00.000;1997-10-07 00:00:00.000
10662;Lonesome Pine Restaurant;United Package;1997-09-09 00:00:00.000;1997-10-07 00:00:00.000
10663;Bon app';United Package;1997-09-10 00:00:00.000;1997-09-24 00:00:00.000
10664;Furia Bacalhau e Frutos do Mar;Federal Shipping;1997-09-10 00:00:00.000;1997-10-08 00:00:00.000
10665;Lonesome Pine Restaurant;United Package;1997-09-11 00:00:00.000;1997-10-09 00:00:00.000
10666;Richter Supermarkt;United Package;1997-09-12 00:00:00.000;1997-10-10 00:00:00.000
10667;Ernst Handel;Speedy Express;1997-09-12 00:00:00.000;1997-10-10 00:00:00.000
10668;Die Wandernde Kuh;United Package;1997-09-15 00:00:00.000;1997-10-13 00:00:00.000
10669;Simons bistro;Speedy Express;1997-09-15 00:00:00.000;1997-10-13 00:00:00.000
10670;Frankenversand;Speedy Express;1997-09-16 00:00:00.000;1997-10-14 00:00:00.000
10671;France restauration;Speedy Express;1997-09-17 00:00:00.000;1997-10-15 00:00:00.000
10672;Berglunds snabbköp;United Package;1997-09-17 00:00:00.000;1997-10-01 00:00:00.000
10673;Wilman Kala;Speedy Express;1997-09-18 00:00:00.000;1997-10-16 00:00:00.000
10674;Island Trading;United Package;1997-09-18 00:00:00.000;1997-10-16 00:00:00.000
10675;Frankenversand;United Package;1997-09-19 00:00:00.000;1997-10-17 00:00:00.000
10676;Tortuga Restaurante;United Package;1997-09-22 00:00:00.000;1997-10-20 00:00:00.000
10677;Antonio Moreno Taquería;Federal Shipping;1997-09-22 00:00:00.000;1997-10-20 00:00:00.000
10678;Save-a-lot Markets;Federal Shipping;1997-09-23 00:00:00.000;1997-10-21 00:00:00.000
10679;Blondesddsl pere et fils;Federal Shipping;1997-09-23 00:00:00.000;1997-10-21 00:00:00.000
10680;Old World Delicatessen;Speedy Express;1997-09-24 00:00:00.000;1997-10-22 00:00:00.000
10681;Great Lakes Food Market;Federal Shipping;1997-09-25 00:00:00.000;1997-10-23 00:00:00.000
10682;Antonio Moreno Taquería;United Package;1997-09-25 00:00:00.000;1997-10-23 00:00:00.000
10683;Du monde entier;Speedy Express;1997-09-26 00:00:00.000;1997-10-24 00:00:00.000
10684;Ottilies Käseladen;Speedy Express;1997-09-26 00:00:00.000;1997-10-24 00:00:00.000
10685;Gourmet Lanchonetes;United Package;1997-09-29 00:00:00.000;1997-10-13 00:00:00.000
10686;Piccolo und mehr;Speedy Express;1997-09-30 00:00:00.000;1997-10-28 00:00:00.000
10687;Hungry Owl All-Night Grocers;United Package;1997-09-30 00:00:00.000;1997-10-28 00:00:00.000
10688;Vaffeljernet;United Package;1997-10-01 00:00:00.000;1997-10-15 00:00:00.000
10689;Berglunds snabbköp;United Package;1997-10-01 00:00:00.000;1997-10-29 00:00:00.000
10690;Hanari Carnes;Speedy Express;1997-10-02 00:00:00.000;1997-10-30 00:00:00.000
10691;QUICK-Stop;United Package;1997-10-03 00:00:00.000;1997-11-14 00:00:00.000
10692;Alfreds Futterkiste;United Package;1997-10-03 00:00:00.000;1997-10-31 00:00:00.000
10693;White Clover Markets;Federal Shipping;1997-10-06 00:00:00.000;1997-10-20 00:00:00.000
10694;QUICK-Stop;Federal Shipping;1997-10-06 00:00:00.000;1997-11-03 00:00:00.000
10695;Wilman Kala;Speedy Express;1997-10-07 00:00:00.000;1997-11-18 00:00:00.000
10696;White Clover Markets;Federal Shipping;1997-10-08 00:00:00.000;1997-11-19 00:00:00.000
10697;LINO-Delicateses;Speedy Express;1997-10-08 00:00:00.000;1997-11-05 00:00:00.000
10698;Ernst Handel;Speedy Express;1997-10-09 00:00:00.000;1997-11-06 00:00:00.000
10699;Morgenstern Gesundkost;Federal Shipping;1997-10-09 00:00:00.000;1997-11-06 00:00:00.000
10700;Save-a-lot Markets;Speedy Express;1997-10-10 00:00:00.000;1997-11-07 00:00:00.000
10701;Hungry Owl All-Night Grocers;Federal Shipping;1997-10-13 00:00:00.000;1997-10-27 00:00:00.000
10702;Alfreds Futterkiste;Speedy Express;1997-10-13 00:00:00.000;1997-11-24 00:00:00.000
10703;Folk och fä HB;United Package;1997-10-14 00:00:00.000;1997-11-11 00:00:00.000
10704;Queen Cozinha;Speedy Express;1997-10-14 00:00:00.000;1997-11-11 00:00:00.000
10705;HILARION-Abastos;United Package;1997-10-15 00:00:00.000;1997-11-12 00:00:00.000
10706;Old World Delicatessen;Federal Shipping;1997-10-16 00:00:00.000;1997-11-13 00:00:00.000
10707;Around the Horn;Federal Shipping;1997-10-16 00:00:00.000;1997-10-30 00:00:00.000
10708;The Big Cheese;United Package;1997-10-17 00:00:00.000;1997-11-28 00:00:00.000
10709;Gourmet Lanchonetes;Federal Shipping;1997-10-17 00:00:00.000;1997-11-14 00:00:00.000
10710;Franchi S.p.A.;Speedy Express;1997-10-20 00:00:00.000;1997-11-17 00:00:00.000
10711;Save-a-lot Markets;United Package;1997-10-21 00:00:00.000;1997-12-02 00:00:00.000
10712;Hungry Owl All-Night Grocers;Speedy Express;1997-10-21 00:00:00.000;1997-11-18 00:00:00.000
10713;Save-a-lot Markets;Speedy Express;1997-10-22 00:00:00.000;1997-11-19 00:00:00.000
10714;Save-a-lot Markets;Federal Shipping;1997-10-22 00:00:00.000;1997-11-19 00:00:00.000
10715;Bon app';Speedy Express;1997-10-23 00:00:00.000;1997-11-06 00:00:00.000
10716;Rancho grande;United Package;1997-10-24 00:00:00.000;1997-11-21 00:00:00.000
10717;Frankenversand;United Package;1997-10-24 00:00:00.000;1997-11-21 00:00:00.000
10718;Königlich Essen;Federal Shipping;1997-10-27 00:00:00.000;1997-11-24 00:00:00.000
10719;Let's Stop N Shop;United Package;1997-10-27 00:00:00.000;1997-11-24 00:00:00.000
10720;Que Delícia;United Package;1997-10-28 00:00:00.000;1997-11-11 00:00:00.000
10721;QUICK-Stop;Federal Shipping;1997-10-29 00:00:00.000;1997-11-26 00:00:00.000
10722;Save-a-lot Markets;Speedy Express;1997-10-29 00:00:00.000;1997-12-10 00:00:00.000
10723;White Clover Markets;Speedy Express;1997-10-30 00:00:00.000;1997-11-27 00:00:00.000
10724;Mere Paillarde;United Package;1997-10-30 00:00:00.000;1997-12-11 00:00:00.000
10725;Familia Arquibaldo;Federal Shipping;1997-10-31 00:00:00.000;1997-11-28 00:00:00.000
10726;Eastern Connection;Speedy Express;1997-11-03 00:00:00.000;1997-11-17 00:00:00.000
10727;Reggiani Caseifici;Speedy Express;1997-11-03 00:00:00.000;1997-12-01 00:00:00.000
10728;Queen Cozinha;United Package;1997-11-04 00:00:00.000;1997-12-02 00:00:00.000
10729;LINO-Delicateses;Federal Shipping;1997-11-04 00:00:00.000;1997-12-16 00:00:00.000
10730;Bon app';Speedy Express;1997-11-05 00:00:00.000;1997-12-03 00:00:00.000
10731;Chop-suey Chinese;Speedy Express;1997-11-06 00:00:00.000;1997-12-04 00:00:00.000
10732;Bon app';Speedy Express;1997-11-06 00:00:00.000;1997-12-04 00:00:00.000
10733;Berglunds snabbköp;Federal Shipping;1997-11-07 00:00:00.000;1997-12-05 00:00:00.000
10734;Gourmet Lanchonetes;Federal Shipping;1997-11-07 00:00:00.000;1997-12-05 00:00:00.000
10735;Let's Stop N Shop;United Package;1997-11-10 00:00:00.000;1997-12-08 00:00:00.000
10736;Hungry Owl All-Night Grocers;United Package;1997-11-11 00:00:00.000;1997-12-09 00:00:00.000
10737;Vins et alcools Chevalier;United Package;1997-11-11 00:00:00.000;1997-12-09 00:00:00.000
10738;Spécialités du monde;Speedy Express;1997-11-12 00:00:00.000;1997-12-10 00:00:00.000
10739;Vins et alcools Chevalier;Federal Shipping;1997-11-12 00:00:00.000;1997-12-10 00:00:00.000
10740;White Clover Markets;United Package;1997-11-13 00:00:00.000;1997-12-11 00:00:00.000
10741;Around the Horn;Federal Shipping;1997-11-14 00:00:00.000;1997-11-28 00:00:00.000
10742;Bottom-Dollar Markets;Federal Shipping;1997-11-14 00:00:00.000;1997-12-12 00:00:00.000
10743;Around the Horn;United Package;1997-11-17 00:00:00.000;1997-12-15 00:00:00.000
10744;Vaffeljernet;Speedy Express;1997-11-17 00:00:00.000;1997-12-15 00:00:00.000
10745;QUICK-Stop;Speedy Express;1997-11-18 00:00:00.000;1997-12-16 00:00:00.000
10746;Chop-suey Chinese;Federal Shipping;1997-11-19 00:00:00.000;1997-12-17 00:00:00.000
10747;Piccolo und mehr;Speedy Express;1997-11-19 00:00:00.000;1997-12-17 00:00:00.000
10748;Save-a-lot Markets;Speedy Express;1997-11-20 00:00:00.000;1997-12-18 00:00:00.000
10749;Island Trading;United Package;1997-11-20 00:00:00.000;1997-12-18 00:00:00.000
10750;Wartian Herkku;Speedy Express;1997-11-21 00:00:00.000;1997-12-19 00:00:00.000
10751;Richter Supermarkt;Federal Shipping;1997-11-24 00:00:00.000;1997-12-22 00:00:00.000
10752;North/South;Federal Shipping;1997-11-24 00:00:00.000;1997-12-22 00:00:00.000
10753;Franchi S.p.A.;Speedy Express;1997-11-25 00:00:00.000;1997-12-23 00:00:00.000
10754;Magazzini Alimentari Riuniti;Federal Shipping;1997-11-25 00:00:00.000;1997-12-23 00:00:00.000
10755;Bon app';United Package;1997-11-26 00:00:00.000;1997-12-24 00:00:00.000
10756;Split Rail Beer & Ale;United Package;1997-11-27 00:00:00.000;1997-12-25 00:00:00.000
10757;Save-a-lot Markets;Speedy Express;1997-11-27 00:00:00.000;1997-12-25 00:00:00.000
10758;Richter Supermarkt;Federal Shipping;1997-11-28 00:00:00.000;1997-12-26 00:00:00.000
10759;Ana Trujillo Emparedados y helados;Federal Shipping;1997-11-28 00:00:00.000;1997-12-26 00:00:00.000
10760;Maison Dewey;Speedy Express;1997-12-01 00:00:00.000;1997-12-29 00:00:00.000
10761;Rattlesnake Canyon Grocery;United Package;1997-12-02 00:00:00.000;1997-12-30 00:00:00.000
10762;Folk och fä HB;Speedy Express;1997-12-02 00:00:00.000;1997-12-30 00:00:00.000
10763;Folies gourmandes;Federal Shipping;1997-12-03 00:00:00.000;1997-12-31 00:00:00.000
10764;Ernst Handel;Federal Shipping;1997-12-03 00:00:00.000;1997-12-31 00:00:00.000
10765;QUICK-Stop;Federal Shipping;1997-12-04 00:00:00.000;1998-01-01 00:00:00.000
10766;Ottilies Käseladen;Speedy Express;1997-12-05 00:00:00.000;1998-01-02 00:00:00.000
10767;Supremes délices;Federal Shipping;1997-12-05 00:00:00.000;1998-01-02 00:00:00.000
10768;Around the Horn;United Package;1997-12-08 00:00:00.000;1998-01-05 00:00:00.000
10769;Vaffeljernet;Speedy Express;1997-12-08 00:00:00.000;1998-01-05 00:00:00.000
10770;Hanari Carnes;Federal Shipping;1997-12-09 00:00:00.000;1998-01-06 00:00:00.000
10771;Ernst Handel;United Package;1997-12-10 00:00:00.000;1998-01-07 00:00:00.000
10772;Lehmanns Marktstand;United Package;1997-12-10 00:00:00.000;1998-01-07 00:00:00.000
10773;Ernst Handel;Federal Shipping;1997-12-11 00:00:00.000;1998-01-08 00:00:00.000
10774;Folk och fä HB;Speedy Express;1997-12-11 00:00:00.000;1997-12-25 00:00:00.000
10775;The Cracker Box;Speedy Express;1997-12-12 00:00:00.000;1998-01-09 00:00:00.000
10776;Ernst Handel;Federal Shipping;1997-12-15 00:00:00.000;1998-01-12 00:00:00.000
10777;Gourmet Lanchonetes;United Package;1997-12-15 00:00:00.000;1997-12-29 00:00:00.000
10778;Berglunds snabbköp;Speedy Express;1997-12-16 00:00:00.000;1998-01-13 00:00:00.000
10779;Morgenstern Gesundkost;United Package;1997-12-16 00:00:00.000;1998-01-13 00:00:00.000
10780;LILA-Supermercado;Speedy Express;1997-12-16 00:00:00.000;1997-12-30 00:00:00.000
10781;Wartian Herkku;Federal Shipping;1997-12-17 00:00:00.000;1998-01-14 00:00:00.000
10782;Cactus Comidas para llevar;Federal Shipping;1997-12-17 00:00:00.000;1998-01-14 00:00:00.000
10783;Hanari Carnes;United Package;1997-12-18 00:00:00.000;1998-01-15 00:00:00.000
10784;Magazzini Alimentari Riuniti;Federal Shipping;1997-12-18 00:00:00.000;1998-01-15 00:00:00.000
10785;GROSELLA-Restaurante;Federal Shipping;1997-12-18 00:00:00.000;1998-01-15 00:00:00.000
10786;Queen Cozinha;Speedy Express;1997-12-19 00:00:00.000;1998-01-16 00:00:00.000
10787;La maison d'Asie;Speedy Express;1997-12-19 00:00:00.000;1998-01-02 00:00:00.000
10788;QUICK-Stop;United Package;1997-12-22 00:00:00.000;1998-01-19 00:00:00.000
10789;Folies gourmandes;United Package;1997-12-22 00:00:00.000;1998-01-19 00:00:00.000
10790;Gourmet Lanchonetes;Speedy Express;1997-12-22 00:00:00.000;1998-01-19 00:00:00.000
10791;Frankenversand;United Package;1997-12-23 00:00:00.000;1998-01-20 00:00:00.000
10792;Wolski  Zajazd;Federal Shipping;1997-12-23 00:00:00.000;1998-01-20 00:00:00.000
10793;Around the Horn;Federal Shipping;1997-12-24 00:00:00.000;1998-01-21 00:00:00.000
10794;Que Delícia;Speedy Express;1997-12-24 00:00:00.000;1998-01-21 00:00:00.000
10795;Ernst Handel;United Package;1997-12-24 00:00:00.000;1998-01-21 00:00:00.000
10796;HILARION-Abastos;Speedy Express;1997-12-25 00:00:00.000;1998-01-22 00:00:00.000
10797;Drachenblut Delikatessen;United Package;1997-12-25 00:00:00.000;1998-01-22 00:00:00.000
10798;Island Trading;Speedy Express;1997-12-26 00:00:00.000;1998-01-23 00:00:00.000
10799;Königlich Essen;Federal Shipping;1997-12-26 00:00:00.000;1998-02-06 00:00:00.000
10800;Seven Seas Imports;Federal Shipping;1997-12-26 00:00:00.000;1998-01-23 00:00:00.000
10801;Bólido Comidas preparadas;United Package;1997-12-29 00:00:00.000;1998-01-26 00:00:00.000
10802;Simons bistro;United Package;1997-12-29 00:00:00.000;1998-01-26 00:00:00.000
10803;Wellington Importadora;Speedy Express;1997-12-30 00:00:00.000;1998-01-27 00:00:00.000
10804;Seven Seas Imports;United Package;1997-12-30 00:00:00.000;1998-01-27 00:00:00.000
10805;The Big Cheese;Federal Shipping;1997-12-30 00:00:00.000;1998-01-27 00:00:00.000
10806;Victuailles en stock;United Package;1997-12-31 00:00:00.000;1998-01-28 00:00:00.000
10807;Franchi S.p.A.;Speedy Express;1997-12-31 00:00:00.000;1998-01-28 00:00:00.000
10808;Old World Delicatessen;Federal Shipping;1998-01-01 00:00:00.000;1998-01-29 00:00:00.000
10809;Wellington Importadora;Speedy Express;1998-01-01 00:00:00.000;1998-01-29 00:00:00.000
10810;Laughing Bacchus Wine Cellars;Federal Shipping;1998-01-01 00:00:00.000;1998-01-29 00:00:00.000
10811;LINO-Delicateses;Speedy Express;1998-01-02 00:00:00.000;1998-01-30 00:00:00.000
10812;Reggiani Caseifici;Speedy Express;1998-01-02 00:00:00.000;1998-01-30 00:00:00.000
10813;Ricardo Adocicados;Speedy Express;1998-01-05 00:00:00.000;1998-02-02 00:00:00.000
10814;Victuailles en stock;Federal Shipping;1998-01-05 00:00:00.000;1998-02-02 00:00:00.000
10815;Save-a-lot Markets;Federal Shipping;1998-01-05 00:00:00.000;1998-02-02 00:00:00.000
10816;Great Lakes Food Market;United Package;1998-01-06 00:00:00.000;1998-02-03 00:00:00.000
10817;Königlich Essen;United Package;1998-01-06 00:00:00.000;1998-01-20 00:00:00.000
10818;Magazzini Alimentari Riuniti;Federal Shipping;1998-01-07 00:00:00.000;1998-02-04 00:00:00.000
10819;Cactus Comidas para llevar;Federal Shipping;1998-01-07 00:00:00.000;1998-02-04 00:00:00.000
10820;Rattlesnake Canyon Grocery;United Package;1998-01-07 00:00:00.000;1998-02-04 00:00:00.000
10821;Split Rail Beer & Ale;Speedy Express;1998-01-08 00:00:00.000;1998-02-05 00:00:00.000
10822;Trail's Head Gourmet Provisioners;Federal Shipping;1998-01-08 00:00:00.000;1998-02-05 00:00:00.000
10823;LILA-Supermercado;United Package;1998-01-09 00:00:00.000;1998-02-06 00:00:00.000
10824;Folk och fä HB;Speedy Express;1998-01-09 00:00:00.000;1998-02-06 00:00:00.000
10825;Drachenblut Delikatessen;Speedy Express;1998-01-09 00:00:00.000;1998-02-06 00:00:00.000
10826;Blondesddsl pere et fils;Speedy Express;1998-01-12 00:00:00.000;1998-02-09 00:00:00.000
10827;Bon app';United Package;1998-01-12 00:00:00.000;1998-01-26 00:00:00.000
10828;Rancho grande;Speedy Express;1998-01-13 00:00:00.000;1998-01-27 00:00:00.000
10829;Island Trading;Speedy Express;1998-01-13 00:00:00.000;1998-02-10 00:00:00.000
10830;Tradiçao Hipermercados;United Package;1998-01-13 00:00:00.000;1998-02-24 00:00:00.000
10831;Santé Gourmet;United Package;1998-01-14 00:00:00.000;1998-02-11 00:00:00.000
10832;La maison d'Asie;United Package;1998-01-14 00:00:00.000;1998-02-11 00:00:00.000
10833;Ottilies Käseladen;United Package;1998-01-15 00:00:00.000;1998-02-12 00:00:00.000
10834;Tradiçao Hipermercados;Federal Shipping;1998-01-15 00:00:00.000;1998-02-12 00:00:00.000
10835;Alfreds Futterkiste;Federal Shipping;1998-01-15 00:00:00.000;1998-02-12 00:00:00.000
10836;Ernst Handel;Speedy Express;1998-01-16 00:00:00.000;1998-02-13 00:00:00.000
10837;Berglunds snabbköp;Federal Shipping;1998-01-16 00:00:00.000;1998-02-13 00:00:00.000
10838;LINO-Delicateses;Federal Shipping;1998-01-19 00:00:00.000;1998-02-16 00:00:00.000
10839;Tradiçao Hipermercados;Federal Shipping;1998-01-19 00:00:00.000;1998-02-16 00:00:00.000
10840;LINO-Delicateses;United Package;1998-01-19 00:00:00.000;1998-03-02 00:00:00.000
10841;Supremes délices;United Package;1998-01-20 00:00:00.000;1998-02-17 00:00:00.000
10842;Tortuga Restaurante;Federal Shipping;1998-01-20 00:00:00.000;1998-02-17 00:00:00.000
10843;Victuailles en stock;United Package;1998-01-21 00:00:00.000;1998-02-18 00:00:00.000
10844;Piccolo und mehr;United Package;1998-01-21 00:00:00.000;1998-02-18 00:00:00.000
10845;QUICK-Stop;Speedy Express;1998-01-21 00:00:00.000;1998-02-04 00:00:00.000
10846;Supremes délices;Federal Shipping;1998-01-22 00:00:00.000;1998-03-05 00:00:00.000
10847;Save-a-lot Markets;Federal Shipping;1998-01-22 00:00:00.000;1998-02-05 00:00:00.000
10848;Consolidated Holdings;United Package;1998-01-23 00:00:00.000;1998-02-20 00:00:00.000
10849;Königlich Essen;United Package;1998-01-23 00:00:00.000;1998-02-20 00:00:00.000
10850;Victuailles en stock;Speedy Express;1998-01-23 00:00:00.000;1998-03-06 00:00:00.000
10851;Ricardo Adocicados;Speedy Express;1998-01-26 00:00:00.000;1998-02-23 00:00:00.000
10852;Rattlesnake Canyon Grocery;Speedy Express;1998-01-26 00:00:00.000;1998-02-09 00:00:00.000
10853;Blauer See Delikatessen;United Package;1998-01-27 00:00:00.000;1998-02-24 00:00:00.000
10854;Ernst Handel;United Package;1998-01-27 00:00:00.000;1998-02-24 00:00:00.000
10855;Old World Delicatessen;Speedy Express;1998-01-27 00:00:00.000;1998-02-24 00:00:00.000
10856;Antonio Moreno Taquería;United Package;1998-01-28 00:00:00.000;1998-02-25 00:00:00.000
10857;Berglunds snabbköp;United Package;1998-01-28 00:00:00.000;1998-02-25 00:00:00.000
10858;La corne d'abondance;Speedy Express;1998-01-29 00:00:00.000;1998-02-26 00:00:00.000
10859;Frankenversand;United Package;1998-01-29 00:00:00.000;1998-02-26 00:00:00.000
10860;France restauration;Federal Shipping;1998-01-29 00:00:00.000;1998-02-26 00:00:00.000
10861;White Clover Markets;United Package;1998-01-30 00:00:00.000;1998-02-27 00:00:00.000
10862;Lehmanns Marktstand;United Package;1998-01-30 00:00:00.000;1998-03-13 00:00:00.000
10863;HILARION-Abastos;United Package;1998-02-02 00:00:00.000;1998-03-02 00:00:00.000
10864;Around the Horn;United Package;1998-02-02 00:00:00.000;1998-03-02 00:00:00.000
10865;QUICK-Stop;Speedy Express;1998-02-02 00:00:00.000;1998-02-16 00:00:00.000
10866;Berglunds snabbköp;Speedy Express;1998-02-03 00:00:00.000;1998-03-03 00:00:00.000
10867;Lonesome Pine Restaurant;Speedy Express;1998-02-03 00:00:00.000;1998-03-17 00:00:00.000
10868;Queen Cozinha;United Package;1998-02-04 00:00:00.000;1998-03-04 00:00:00.000
10869;Seven Seas Imports;Speedy Express;1998-02-04 00:00:00.000;1998-03-04 00:00:00.000
10870;Wolski  Zajazd;Federal Shipping;1998-02-04 00:00:00.000;1998-03-04 00:00:00.000
10871;Bon app';United Package;1998-02-05 00:00:00.000;1998-03-05 00:00:00.000
10872;Godos Cocina Típica;United Package;1998-02-05 00:00:00.000;1998-03-05 00:00:00.000
10873;Wilman Kala;Speedy Express;1998-02-06 00:00:00.000;1998-03-06 00:00:00.000
10874;Godos Cocina Típica;United Package;1998-02-06 00:00:00.000;1998-03-06 00:00:00.000
10875;Berglunds snabbköp;United Package;1998-02-06 00:00:00.000;1998-03-06 00:00:00.000
10876;Bon app';Federal Shipping;1998-02-09 00:00:00.000;1998-03-09 00:00:00.000
10877;Ricardo Adocicados;Speedy Express;1998-02-09 00:00:00.000;1998-03-09 00:00:00.000
10878;QUICK-Stop;Speedy Express;1998-02-10 00:00:00.000;1998-03-10 00:00:00.000
10879;Wilman Kala;Federal Shipping;1998-02-10 00:00:00.000;1998-03-10 00:00:00.000
10880;Folk och fä HB;Speedy Express;1998-02-10 00:00:00.000;1998-03-24 00:00:00.000
10881;Cactus Comidas para llevar;Speedy Express;1998-02-11 00:00:00.000;1998-03-11 00:00:00.000
10882;Save-a-lot Markets;Federal Shipping;1998-02-11 00:00:00.000;1998-03-11 00:00:00.000
10883;Lonesome Pine Restaurant;Federal Shipping;1998-02-12 00:00:00.000;1998-03-12 00:00:00.000
10884;Let's Stop N Shop;United Package;1998-02-12 00:00:00.000;1998-03-12 00:00:00.000
10885;Supremes délices;Federal Shipping;1998-02-12 00:00:00.000;1998-03-12 00:00:00.000
10886;Hanari Carnes;Speedy Express;1998-02-13 00:00:00.000;1998-03-13 00:00:00.000
10887;Galería del gastrónomo;Federal Shipping;1998-02-13 00:00:00.000;1998-03-13 00:00:00.000
10888;Godos Cocina Típica;United Package;1998-02-16 00:00:00.000;1998-03-16 00:00:00.000
10889;Rattlesnake Canyon Grocery;Federal Shipping;1998-02-16 00:00:00.000;1998-03-16 00:00:00.000
10890;Du monde entier;Speedy Express;1998-02-16 00:00:00.000;1998-03-16 00:00:00.000
10891;Lehmanns Marktstand;United Package;1998-02-17 00:00:00.000;1998-03-17 00:00:00.000
10892;Maison Dewey;United Package;1998-02-17 00:00:00.000;1998-03-17 00:00:00.000
10893;Königlich Essen;United Package;1998-02-18 00:00:00.000;1998-03-18 00:00:00.000
10894;Save-a-lot Markets;Speedy Express;1998-02-18 00:00:00.000;1998-03-18 00:00:00.000
10895;Ernst Handel;Speedy Express;1998-02-18 00:00:00.000;1998-03-18 00:00:00.000
10896;Maison Dewey;Federal Shipping;1998-02-19 00:00:00.000;1998-03-19 00:00:00.000
10897;Hungry Owl All-Night Grocers;United Package;1998-02-19 00:00:00.000;1998-03-19 00:00:00.000
10898;Océano Atlántico Ltda.;United Package;1998-02-20 00:00:00.000;1998-03-20 00:00:00.000
10899;LILA-Supermercado;Federal Shipping;1998-02-20 00:00:00.000;1998-03-20 00:00:00.000
10900;Wellington Importadora;United Package;1998-02-20 00:00:00.000;1998-03-20 00:00:00.000
10901;HILARION-Abastos;Speedy Express;1998-02-23 00:00:00.000;1998-03-23 00:00:00.000
10902;Folk och fä HB;Speedy Express;1998-02-23 00:00:00.000;1998-03-23 00:00:00.000
10903;Hanari Carnes;Federal Shipping;1998-02-24 00:00:00.000;1998-03-24 00:00:00.000
10904;White Clover Markets;Federal Shipping;1998-02-24 00:00:00.000;1998-03-24 00:00:00.000
10905;Wellington Importadora;United Package;1998-02-24 00:00:00.000;1998-03-24 00:00:00.000
10906;Wolski  Zajazd;Federal Shipping;1998-02-25 00:00:00.000;1998-03-11 00:00:00.000
10907;Spécialités du monde;Federal Shipping;1998-02-25 00:00:00.000;1998-03-25 00:00:00.000
10908;Reggiani Caseifici;United Package;1998-02-26 00:00:00.000;1998-03-26 00:00:00.000
10909;Santé Gourmet;United Package;1998-02-26 00:00:00.000;1998-03-26 00:00:00.000
10910;Wilman Kala;Federal Shipping;1998-02-26 00:00:00.000;1998-03-26 00:00:00.000
10911;Godos Cocina Típica;Speedy Express;1998-02-26 00:00:00.000;1998-03-26 00:00:00.000
10912;Hungry Owl All-Night Grocers;United Package;1998-02-26 00:00:00.000;1998-03-26 00:00:00.000
10913;Queen Cozinha;Speedy Express;1998-02-26 00:00:00.000;1998-03-26 00:00:00.000
10914;Queen Cozinha;Speedy Express;1998-02-27 00:00:00.000;1998-03-27 00:00:00.000
10915;Tortuga Restaurante;United Package;1998-02-27 00:00:00.000;1998-03-27 00:00:00.000
10916;Rancho grande;United Package;1998-02-27 00:00:00.000;1998-03-27 00:00:00.000
10917;Romero y tomillo;United Package;1998-03-02 00:00:00.000;1998-03-30 00:00:00.000
10918;Bottom-Dollar Markets;Federal Shipping;1998-03-02 00:00:00.000;1998-03-30 00:00:00.000
10919;LINO-Delicateses;United Package;1998-03-02 00:00:00.000;1998-03-30 00:00:00.000
10920;Around the Horn;United Package;1998-03-03 00:00:00.000;1998-03-31 00:00:00.000
10921;Vaffeljernet;Speedy Express;1998-03-03 00:00:00.000;1998-04-14 00:00:00.000
10922;Hanari Carnes;Federal Shipping;1998-03-03 00:00:00.000;1998-03-31 00:00:00.000
10923;La maison d'Asie;Federal Shipping;1998-03-03 00:00:00.000;1998-04-14 00:00:00.000
10924;Berglunds snabbköp;United Package;1998-03-04 00:00:00.000;1998-04-01 00:00:00.000
10925;Hanari Carnes;Speedy Express;1998-03-04 00:00:00.000;1998-04-01 00:00:00.000
10926;Ana Trujillo Emparedados y helados;Federal Shipping;1998-03-04 00:00:00.000;1998-04-01 00:00:00.000
10927;La corne d'abondance;Speedy Express;1998-03-05 00:00:00.000;1998-04-02 00:00:00.000
10928;Galería del gastrónomo;Speedy Express;1998-03-05 00:00:00.000;1998-04-02 00:00:00.000
10929;Frankenversand;Speedy Express;1998-03-05 00:00:00.000;1998-04-02 00:00:00.000
10930;Supremes délices;Federal Shipping;1998-03-06 00:00:00.000;1998-04-17 00:00:00.000
10931;Richter Supermarkt;United Package;1998-03-06 00:00:00.000;1998-03-20 00:00:00.000
10932;Bon app';Speedy Express;1998-03-06 00:00:00.000;1998-04-03 00:00:00.000
10933;Island Trading;Federal Shipping;1998-03-06 00:00:00.000;1998-04-03 00:00:00.000
10934;Lehmanns Marktstand;Federal Shipping;1998-03-09 00:00:00.000;1998-04-06 00:00:00.000
10935;Wellington Importadora;Federal Shipping;1998-03-09 00:00:00.000;1998-04-06 00:00:00.000
10936;Great Lakes Food Market;United Package;1998-03-09 00:00:00.000;1998-04-06 00:00:00.000
10937;Cactus Comidas para llevar;Federal Shipping;1998-03-10 00:00:00.000;1998-03-24 00:00:00.000
10938;QUICK-Stop;United Package;1998-03-10 00:00:00.000;1998-04-07 00:00:00.000
10939;Magazzini Alimentari Riuniti;United Package;1998-03-10 00:00:00.000;1998-04-07 00:00:00.000
10940;Bon app';Federal Shipping;1998-03-11 00:00:00.000;1998-04-08 00:00:00.000
10941;Save-a-lot Markets;United Package;1998-03-11 00:00:00.000;1998-04-08 00:00:00.000
10942;Reggiani Caseifici;Federal Shipping;1998-03-11 00:00:00.000;1998-04-08 00:00:00.000
10943;B's Beverages;United Package;1998-03-11 00:00:00.000;1998-04-08 00:00:00.000
10944;Bottom-Dollar Markets;Federal Shipping;1998-03-12 00:00:00.000;1998-03-26 00:00:00.000
10945;Morgenstern Gesundkost;Speedy Express;1998-03-12 00:00:00.000;1998-04-09 00:00:00.000
10946;Vaffeljernet;United Package;1998-03-12 00:00:00.000;1998-04-09 00:00:00.000
10947;B's Beverages;United Package;1998-03-13 00:00:00.000;1998-04-10 00:00:00.000
10948;Godos Cocina Típica;Federal Shipping;1998-03-13 00:00:00.000;1998-04-10 00:00:00.000
10949;Bottom-Dollar Markets;Federal Shipping;1998-03-13 00:00:00.000;1998-04-10 00:00:00.000
10950;Magazzini Alimentari Riuniti;United Package;1998-03-16 00:00:00.000;1998-04-13 00:00:00.000
10951;Richter Supermarkt;United Package;1998-03-16 00:00:00.000;1998-04-27 00:00:00.000
10952;Alfreds Futterkiste;Speedy Express;1998-03-16 00:00:00.000;1998-04-27 00:00:00.000
10953;Around the Horn;United Package;1998-03-16 00:00:00.000;1998-03-30 00:00:00.000
10954;LINO-Delicateses;Speedy Express;1998-03-17 00:00:00.000;1998-04-28 00:00:00.000
10955;Folk och fä HB;United Package;1998-03-17 00:00:00.000;1998-04-14 00:00:00.000
10956;Blauer See Delikatessen;United Package;1998-03-17 00:00:00.000;1998-04-28 00:00:00.000
10957;HILARION-Abastos;Federal Shipping;1998-03-18 00:00:00.000;1998-04-15 00:00:00.000
10958;Océano Atlántico Ltda.;United Package;1998-03-18 00:00:00.000;1998-04-15 00:00:00.000
10959;Gourmet Lanchonetes;United Package;1998-03-18 00:00:00.000;1998-04-29 00:00:00.000
10960;HILARION-Abastos;Speedy Express;1998-03-19 00:00:00.000;1998-04-02 00:00:00.000
10961;Queen Cozinha;Speedy Express;1998-03-19 00:00:00.000;1998-04-16 00:00:00.000
10962;QUICK-Stop;United Package;1998-03-19 00:00:00.000;1998-04-16 00:00:00.000
10963;Furia Bacalhau e Frutos do Mar;Federal Shipping;1998-03-19 00:00:00.000;1998-04-16 00:00:00.000
10964;Spécialités du monde;United Package;1998-03-20 00:00:00.000;1998-04-17 00:00:00.000
10965;Old World Delicatessen;Federal Shipping;1998-03-20 00:00:00.000;1998-04-17 00:00:00.000
10966;Chop-suey Chinese;Speedy Express;1998-03-20 00:00:00.000;1998-04-17 00:00:00.000
10967;Toms Spezialitäten;United Package;1998-03-23 00:00:00.000;1998-04-20 00:00:00.000
10968;Ernst Handel;Federal Shipping;1998-03-23 00:00:00.000;1998-04-20 00:00:00.000
10969;Comércio Mineiro;United Package;1998-03-23 00:00:00.000;1998-04-20 00:00:00.000
10970;Bólido Comidas preparadas;Speedy Express;1998-03-24 00:00:00.000;1998-04-07 00:00:00.000
10971;France restauration;United Package;1998-03-24 00:00:00.000;1998-04-21 00:00:00.000
10972;La corne d'abondance;United Package;1998-03-24 00:00:00.000;1998-04-21 00:00:00.000
10973;La corne d'abondance;United Package;1998-03-24 00:00:00.000;1998-04-21 00:00:00.000
10974;Split Rail Beer & Ale;Federal Shipping;1998-03-25 00:00:00.000;1998-04-08 00:00:00.000
10975;Bottom-Dollar Markets;Federal Shipping;1998-03-25 00:00:00.000;1998-04-22 00:00:00.000
10976;HILARION-Abastos;Speedy Express;1998-03-25 00:00:00.000;1998-05-06 00:00:00.000
10977;Folk och fä HB;Federal Shipping;1998-03-26 00:00:00.000;1998-04-23 00:00:00.000
10978;Maison Dewey;United Package;1998-03-26 00:00:00.000;1998-04-23 00:00:00.000
10979;Ernst Handel;United Package;1998-03-26 00:00:00.000;1998-04-23 00:00:00.000
10980;Folk och fä HB;Speedy Express;1998-03-27 00:00:00.000;1998-05-08 00:00:00.000
10981;Hanari Carnes;United Package;1998-03-27 00:00:00.000;1998-04-24 00:00:00.000
10982;Bottom-Dollar Markets;Speedy Express;1998-03-27 00:00:00.000;1998-04-24 00:00:00.000
10983;Save-a-lot Markets;United Package;1998-03-27 00:00:00.000;1998-04-24 00:00:00.000
10984;Save-a-lot Markets;Federal Shipping;1998-03-30 00:00:00.000;1998-04-27 00:00:00.000
10985;Hungry Owl All-Night Grocers;Speedy Express;1998-03-30 00:00:00.000;1998-04-27 00:00:00.000
10986;Océano Atlántico Ltda.;United Package;1998-03-30 00:00:00.000;1998-04-27 00:00:00.000
10987;Eastern Connection;Speedy Express;1998-03-31 00:00:00.000;1998-04-28 00:00:00.000
10988;Rattlesnake Canyon Grocery;United Package;1998-03-31 00:00:00.000;1998-04-28 00:00:00.000
10989;Que Delícia;Speedy Express;1998-03-31 00:00:00.000;1998-04-28 00:00:00.000
10990;Ernst Handel;Federal Shipping;1998-04-01 00:00:00.000;1998-05-13 00:00:00.000
10991;QUICK-Stop;Speedy Express;1998-04-01 00:00:00.000;1998-04-29 00:00:00.000
10992;The Big Cheese;Federal Shipping;1998-04-01 00:00:00.000;1998-04-29 00:00:00.000
10993;Folk och fä HB;Federal Shipping;1998-04-01 00:00:00.000;1998-04-29 00:00:00.000
10994;Vaffeljernet;Federal Shipping;1998-04-02 00:00:00.000;1998-04-16 00:00:00.000
10995;Pericles Comidas clásicas;Federal Shipping;1998-04-02 00:00:00.000;1998-04-30 00:00:00.000
10996;QUICK-Stop;United Package;1998-04-02 00:00:00.000;1998-04-30 00:00:00.000
10997;LILA-Supermercado;United Package;1998-04-03 00:00:00.000;1998-05-15 00:00:00.000
10998;Wolski  Zajazd;United Package;1998-04-03 00:00:00.000;1998-04-17 00:00:00.000
10999;Ottilies Käseladen;United Package;1998-04-03 00:00:00.000;1998-05-01 00:00:00.000
11000;Rattlesnake Canyon Grocery;Federal Shipping;1998-04-06 00:00:00.000;1998-05-04 00:00:00.000
11001;Folk och fä HB;United Package;1998-04-06 00:00:00.000;1998-05-04 00:00:00.000
11002;Save-a-lot Markets;Speedy Express;1998-04-06 00:00:00.000;1998-05-04 00:00:00.000
11003;The Cracker Box;Federal Shipping;1998-04-06 00:00:00.000;1998-05-04 00:00:00.000
11004;Maison Dewey;Speedy Express;1998-04-07 00:00:00.000;1998-05-05 00:00:00.000
11005;Wilman Kala;Speedy Express;1998-04-07 00:00:00.000;1998-05-05 00:00:00.000
11006;Great Lakes Food Market;United Package;1998-04-07 00:00:00.000;1998-05-05 00:00:00.000
11007;Princesa Isabel Vinhos;United Package;1998-04-08 00:00:00.000;1998-05-06 00:00:00.000
11008;Ernst Handel;Federal Shipping;1998-04-08 00:00:00.000;1998-05-06 00:00:00.000
11009;Godos Cocina Típica;Speedy Express;1998-04-08 00:00:00.000;1998-05-06 00:00:00.000
11010;Reggiani Caseifici;United Package;1998-04-09 00:00:00.000;1998-05-07 00:00:00.000
11011;Alfreds Futterkiste;Speedy Express;1998-04-09 00:00:00.000;1998-05-07 00:00:00.000
11012;Frankenversand;Federal Shipping;1998-04-09 00:00:00.000;1998-04-23 00:00:00.000
11013;Romero y tomillo;Speedy Express;1998-04-09 00:00:00.000;1998-05-07 00:00:00.000
11014;LINO-Delicateses;Federal Shipping;1998-04-10 00:00:00.000;1998-05-08 00:00:00.000
11015;Santé Gourmet;United Package;1998-04-10 00:00:00.000;1998-04-24 00:00:00.000
11016;Around the Horn;United Package;1998-04-10 00:00:00.000;1998-05-08 00:00:00.000
11017;Ernst Handel;United Package;1998-04-13 00:00:00.000;1998-05-11 00:00:00.000
11018;Lonesome Pine Restaurant;United Package;1998-04-13 00:00:00.000;1998-05-11 00:00:00.000
11019;Rancho grande;Federal Shipping;1998-04-13 00:00:00.000;1998-05-11 00:00:00.000
11020;Ottilies Käseladen;United Package;1998-04-14 00:00:00.000;1998-05-12 00:00:00.000
11021;QUICK-Stop;Speedy Express;1998-04-14 00:00:00.000;1998-05-12 00:00:00.000
11022;Hanari Carnes;United Package;1998-04-14 00:00:00.000;1998-05-12 00:00:00.000
11023;B's Beverages;United Package;1998-04-14 00:00:00.000;1998-04-28 00:00:00.000
11024;Eastern Connection;Speedy Express;1998-04-15 00:00:00.000;1998-05-13 00:00:00.000
11025;Wartian Herkku;Federal Shipping;1998-04-15 00:00:00.000;1998-05-13 00:00:00.000
11026;Franchi S.p.A.;Speedy Express;1998-04-15 00:00:00.000;1998-05-13 00:00:00.000
11027;Bottom-Dollar Markets;Speedy Express;1998-04-16 00:00:00.000;1998-05-14 00:00:00.000
11028;Königlich Essen;Speedy Express;1998-04-16 00:00:00.000;1998-05-14 00:00:00.000
11029;Chop-suey Chinese;Speedy Express;1998-04-16 00:00:00.000;1998-05-14 00:00:00.000
11030;Save-a-lot Markets;United Package;1998-04-17 00:00:00.000;1998-05-15 00:00:00.000
11031;Save-a-lot Markets;United Package;1998-04-17 00:00:00.000;1998-05-15 00:00:00.000
11032;White Clover Markets;Federal Shipping;1998-04-17 00:00:00.000;1998-05-15 00:00:00.000
11033;Richter Supermarkt;Federal Shipping;1998-04-17 00:00:00.000;1998-05-15 00:00:00.000
11034;Old World Delicatessen;Speedy Express;1998-04-20 00:00:00.000;1998-06-01 00:00:00.000
11035;Supremes délices;United Package;1998-04-20 00:00:00.000;1998-05-18 00:00:00.000
11036;Drachenblut Delikatessen;Federal Shipping;1998-04-20 00:00:00.000;1998-05-18 00:00:00.000
11037;Godos Cocina Típica;Speedy Express;1998-04-21 00:00:00.000;1998-05-19 00:00:00.000
11038;Supremes délices;United Package;1998-04-21 00:00:00.000;1998-05-19 00:00:00.000
11039;LINO-Delicateses;United Package;1998-04-21 00:00:00.000;1998-05-19 00:00:00.000
11040;Great Lakes Food Market;Federal Shipping;1998-04-22 00:00:00.000;1998-05-20 00:00:00.000
11041;Chop-suey Chinese;United Package;1998-04-22 00:00:00.000;1998-05-20 00:00:00.000
11042;Comércio Mineiro;Speedy Express;1998-04-22 00:00:00.000;1998-05-06 00:00:00.000
11043;Spécialités du monde;United Package;1998-04-22 00:00:00.000;1998-05-20 00:00:00.000
11044;Wolski  Zajazd;Speedy Express;1998-04-23 00:00:00.000;1998-05-21 00:00:00.000
11045;Bottom-Dollar Markets;United Package;1998-04-23 00:00:00.000;1998-05-21 00:00:00.000
11046;Die Wandernde Kuh;United Package;1998-04-23 00:00:00.000;1998-05-21 00:00:00.000
11047;Eastern Connection;Federal Shipping;1998-04-24 00:00:00.000;1998-05-22 00:00:00.000
11048;Bottom-Dollar Markets;Federal Shipping;1998-04-24 00:00:00.000;1998-05-22 00:00:00.000
11049;Gourmet Lanchonetes;Speedy Express;1998-04-24 00:00:00.000;1998-05-22 00:00:00.000
11050;Folk och fä HB;United Package;1998-04-27 00:00:00.000;1998-05-25 00:00:00.000
11051;La maison d'Asie;Federal Shipping;1998-04-27 00:00:00.000;1998-05-25 00:00:00.000
11052;Hanari Carnes;Speedy Express;1998-04-27 00:00:00.000;1998-05-25 00:00:00.000
11053;Piccolo und mehr;United Package;1998-04-27 00:00:00.000;1998-05-25 00:00:00.000
11054;Cactus Comidas para llevar;Speedy Express;1998-04-28 00:00:00.000;1998-05-26 00:00:00.000
11055;HILARION-Abastos;United Package;1998-04-28 00:00:00.000;1998-05-26 00:00:00.000
11056;Eastern Connection;United Package;1998-04-28 00:00:00.000;1998-05-12 00:00:00.000
11057;North/South;Federal Shipping;1998-04-29 00:00:00.000;1998-05-27 00:00:00.000
11058;Blauer See Delikatessen;Federal Shipping;1998-04-29 00:00:00.000;1998-05-27 00:00:00.000
11059;Ricardo Adocicados;United Package;1998-04-29 00:00:00.000;1998-06-10 00:00:00.000
11060;Franchi S.p.A.;United Package;1998-04-30 00:00:00.000;1998-05-28 00:00:00.000
11061;Great Lakes Food Market;Federal Shipping;1998-04-30 00:00:00.000;1998-06-11 00:00:00.000
11062;Reggiani Caseifici;United Package;1998-04-30 00:00:00.000;1998-05-28 00:00:00.000
11063;Hungry Owl All-Night Grocers;United Package;1998-04-30 00:00:00.000;1998-05-28 00:00:00.000
11064;Save-a-lot Markets;Speedy Express;1998-05-01 00:00:00.000;1998-05-29 00:00:00.000
11065;LILA-Supermercado;Speedy Express;1998-05-01 00:00:00.000;1998-05-29 00:00:00.000
11066;White Clover Markets;United Package;1998-05-01 00:00:00.000;1998-05-29 00:00:00.000
11067;Drachenblut Delikatessen;United Package;1998-05-04 00:00:00.000;1998-05-18 00:00:00.000
11068;Queen Cozinha;United Package;1998-05-04 00:00:00.000;1998-06-01 00:00:00.000
11069;Tortuga Restaurante;United Package;1998-05-04 00:00:00.000;1998-06-01 00:00:00.000
11070;Lehmanns Marktstand;Speedy Express;1998-05-05 00:00:00.000;1998-06-02 00:00:00.000
11071;LILA-Supermercado;Speedy Express;1998-05-05 00:00:00.000;1998-06-02 00:00:00.000
11072;Ernst Handel;United Package;1998-05-05 00:00:00.000;1998-06-02 00:00:00.000
11073;Pericles Comidas clásicas;United Package;1998-05-05 00:00:00.000;1998-06-02 00:00:00.000
11074;Simons bistro;United Package;1998-05-06 00:00:00.000;1998-06-03 00:00:00.000
11075;Richter Supermarkt;United Package;1998-05-06 00:00:00.000;1998-06-03 00:00:00.000
11076;Bon app';United Package;1998-05-06 00:00:00.000;1998-06-03 00:00:00.000
11077;Rattlesnake Canyon Grocery;United Package;1998-05-06 00:00:00.000;1998-06-03 00:00:00.000